{"cameraMode":{"drawMode":0,"name":"Shaded","section":"Shading Mode"},"sceneLighting":false,"audioPlay":false,"sceneViewState":{"showFog":true,"showMaterialUpdate":true,"showSkybox":false,"showFlares":true,"showImageEffects":true,"showParticleSystems":true},"in2DMode":false,"pivot":{"x":61.77764129638672,"y":492.4161376953125,"z":-183.2646942138672},"rotation":{"x":0.6720588803291321,"y":-0.039923448115587237,"z":0.03633072227239609,"w":0.7385275959968567},"size":231.87744140625,"orthographic":false}