{"cameraMode":{"drawMode":0,"name":"Shaded","section":"Shading Mode"},"sceneLighting":true,"audioPlay":false,"sceneViewState":{"showFog":true,"showMaterialUpdate":true,"showSkybox":true,"showFlares":true,"showImageEffects":true,"showParticleSystems":true},"in2DMode":false,"pivot":{"x":30.507545471191408,"y":5.410344123840332,"z":-34.29710006713867},"rotation":{"x":0.1697312593460083,"y":-0.07088884711265564,"z":0.01223989948630333,"w":0.9828612804412842},"size":3.046921730041504,"orthographic":false}